"Url","Name","ItemCount","Status"
"/sites/AIR-G/Shared Documents/G/1. Presend","1. Presend","10"
"/sites/AIR-G/Shared Documents/G/8. Pex","8. Pex","12"
"/sites/AIR-G/Shared Documents/G/11. FirstView (US)","11. FirstView (US)","1"
"/sites/AIR-G/Shared Documents/G/5. Korta (Iceland)","5. Korta (Iceland)","1"
"/sites/AIR-G/Shared Documents/G/7. Edge","7. Edge","2"
"/sites/AIR-G/Shared Documents/G/4. UK (store financial)","4. UK (store financial)","27"
"/sites/AIR-G/Shared Documents/G/3. North America (store financial)","3. North America (store financial)","9"
"/sites/AIR-G/Shared Documents/G/FEV","FEV","7"
"/sites/AIR-G/Shared Documents/G/9. Project Spark","9. Project Spark","28"
"/sites/AIR-G/Shared Documents/G/10. PayWith Equity Software Swap","10. PayWith Equity Software Swap","10"
"/sites/AIR-G/Shared Documents/G/2. PerfectCard","2. PerfectCard","13"
"/sites/AIR-G/Shared Documents/G/6. Flex-e-Card (Project Magpie)","6. Flex-e-Card (Project Magpie)","22"
"/sites/AM-U/Shared Documents/U/Account Management","Account Management","45"
"/sites/AM-U/Shared Documents/U/Customer Success Team","Customer Success Team","23"
"/sites/AM-U/Shared Documents/U/B2B Programs","B2B Programs","60"
"/sites/BN-E/Shared Documents/E/Issuing Projects","Issuing Projects","3"
"/sites/BN-E/Shared Documents/E/Visa","Visa","1"
"/sites/BN-E/Shared Documents/E/BINs and Issuers","BINs and Issuers","15"
"/sites/BN-E/Shared Documents/E/Mastercard","Mastercard","16"
"/sites/BN-G/Shared Documents/G/FEV","FEV","0"
"/sites/BN-G/Shared Documents/G/1. Presend","1. Presend","10"
"/sites/BN-G/Shared Documents/G/7. Edge","7. Edge","2"
"/sites/BN-G/Shared Documents/G/5. Korta (Iceland)","5. Korta (Iceland)","1"
"/sites/BN-G/Shared Documents/G/9. Project Spark","9. Project Spark","17"
"/sites/BN-G/Shared Documents/G/11. FirstView (US)","11. FirstView (US)","1"
"/sites/BN-G/Shared Documents/G/2. PerfectCard","2. PerfectCard","13"
"/sites/BN-G/Shared Documents/G/8. Pex","8. Pex","12"
"/sites/BN-G/Shared Documents/G/4. UK (store financial)","4. UK (store financial)","27"
"/sites/BN-G/Shared Documents/G/10. PayWith Equity Software Swap","10. PayWith Equity Software Swap","10"
"/sites/BN-G/Shared Documents/G/6. Flex-e-Card (Project Magpie)","6. Flex-e-Card (Project Magpie)","22"
"/sites/BN-G/Shared Documents/G/3. North America (store financial)","3. North America (store financial)","9"
"/sites/BN-U/Shared Documents/U/BIN","BIN","16"
"/sites/BN-U/Shared Documents/U/Translations","Translations","1"
"/sites/BN-U/Shared Documents/U/Banks","Banks","7"
"/sites/BN-U/Shared Documents/U/Networks","Networks","14"
"/sites/BN-U/Shared Documents/U/Team Documentation","Team Documentation","16"
"/sites/BN-U/Shared Documents/U/New folder","New folder","0"
"/sites/msteams-A/Shared Documents/A/iGO Direct","iGO Direct","2"
"/sites/msteams-A/Shared Documents/A/Casual Dining","Casual Dining","2"
"/sites/msteams-A/Shared Documents/A/The Star Entertainment Group","The Star Entertainment Group","2"
"/sites/msteams-A/Shared Documents/A/MoneyMe","MoneyMe","2"
"/sites/msteams-A/Shared Documents/A/DiviPay","DiviPay","2"
"/sites/msteams-A/Shared Documents/A/Why Leave Town","Why Leave Town","2"
"/sites/msteams-A/Shared Documents/A/Frank Green","Frank Green","2"
"/sites/msteams-A/Shared Documents/A/Nimble","Nimble","2"
"/sites/msteams-A/Shared Documents/A/Dioceses of Rockhampton","Dioceses of Rockhampton","2"
"/sites/msteams-A/Shared Documents/A/Betstar","Betstar","2"
"/sites/msteams-A/Shared Documents/A/BTC.com.au","BTC.com.au","2"
"/sites/msteams-A/Shared Documents/A/PlayUp","PlayUp","2"
"/sites/msteams-A/Shared Documents/A/The Restaurant Choice","The Restaurant Choice","2"
"/sites/msteams-A/Shared Documents/A/TopSport","TopSport","2"
"/sites/msteams-A/Shared Documents/A/Neds","Neds","2"
"/sites/msteams-A/Shared Documents/A/Eziway","Eziway","2"
"/sites/msteams-A/Shared Documents/A/Acquire One (A1)","Acquire One (A1)","2"
"/sites/msteams-A/Shared Documents/A/Cache","Cache","2"
"/sites/msteams-A/Shared Documents/A/Edge","Edge","2"
"/sites/msteams-A/Shared Documents/A/Make A Wish","Make A Wish","2"
"/sites/msteams-A/Shared Documents/A/The Salvation Army","The Salvation Army","2"
"/sites/msteams-A/Shared Documents/A/Ingogo","Ingogo","2"
"/sites/msteams-A/Shared Documents/A/QPay","QPay","2"
"/sites/msteams-A/Shared Documents/A/McMillan Shakespeare (Maxxia & Remserv)","McMillan Shakespeare (Maxxia & Remserv)","2"
"/sites/msteams-A/Shared Documents/A/NSW Health","NSW Health","2"
"/sites/msteams-A/Shared Documents/A/Extend","Extend","2"
"/sites/msteams-A/Shared Documents/A/QLD Govt - Dept of Communities","QLD Govt - Dept of Communities","2"
"/sites/msteams-A/Shared Documents/A/Cafe Sydney","Cafe Sydney","2"
"/sites/msteams-A/Shared Documents/A/Sendgold","Sendgold","7"
"/sites/msteams-A/Shared Documents/A/Lockton","Lockton","2"
"/sites/msteams-A/Shared Documents/A/The Movie Card","The Movie Card","2"
"/sites/msteams-A/Shared Documents/A/myCryptoWallet","myCryptoWallet","2"
"/sites/msteams-A/Shared Documents/A/Sportsbet","Sportsbet","2"
"/sites/msteams-A/Shared Documents/A/The Card Network","The Card Network","2"
"/sites/msteams-A/Shared Documents/A/Paywise","Paywise","2"
"/sites/msteams-A/Shared Documents/A/bet365","bet365","2"
"/sites/msteams-A/Shared Documents/A/NT Govt (NAB)","NT Govt (NAB)","2"
"/sites/msteams-A/Shared Documents/A/Cabcharge Spotto Cash Card","Cabcharge Spotto Cash Card","2"
"/sites/msteams-A/Shared Documents/A/Client 1","Client 1","2"
"/sites/msteams-A/Shared Documents/A/Sarina Russo Corporate Program","Sarina Russo Corporate Program","2"
"/sites/msteams-A/Shared Documents/A/Zinc","Zinc","2"
"/sites/msteams-A/Shared Documents/A/Epay (VPAY & MyGift2U)","Epay (VPAY & MyGift2U)","2"
"/sites/msteams-A/Shared Documents/A/Incremental Marketing","Incremental Marketing","2"
"/sites/msteams-A/Shared Documents/A/Coinjar","Coinjar","2"
"/sites/msteams-A/Shared Documents/A/Grassroots (Connectnow)","Grassroots (Connectnow)","2"
"/sites/msteams-A/Shared Documents/A/The Ville","The Ville","2"
"/sites/msteams-A/Shared Documents/A/BetEasy","BetEasy","2"
"/sites/msteams-A/Shared Documents/A/Cabcharge","Cabcharge","2"
"/sites/msteams-A/Shared Documents/A/Macquarie (MRB)","Macquarie (MRB)","2"
"/sites/msteams-A/Shared Documents/A/Accesspay","Accesspay","2"
"/sites/msteams-A/Shared Documents/A/WildCard","WildCard","2"
"/sites/msteams-A/Shared Documents/A/Ladbrokes","Ladbrokes","2"
"/sites/msteams-A/Shared Documents/A/ACT Government","ACT Government","2"
"/sites/msteams-A/Shared Documents/A/Vault Payment Solutions","Vault Payment Solutions","2"
"/sites/msteams-A/Shared Documents/A/Zip Money","Zip Money","2"
"/sites/msteams-E/Shared Documents/E/The Big Heart of Merthyr Tydfil","The Big Heart of Merthyr Tydfil","2"
"/sites/msteams-E/Shared Documents/E/Salto Eiendom (NO)","Salto Eiendom (NO)","3"
"/sites/msteams-E/Shared Documents/E/Whyser","Whyser","9"
"/sites/msteams-E/Shared Documents/E/Carmila Cit? Europe (France)","Carmila Cit? Europe (France)","2"
"/sites/msteams-E/Shared Documents/E/Presend","Presend","5"
"/sites/msteams-E/Shared Documents/E/Trelleborg","Trelleborg","2"
"/sites/msteams-E/Shared Documents/E/PTA","PTA","2"
"/sites/msteams-E/Shared Documents/E/Glasgow Fort","Glasgow Fort","6"
"/sites/msteams-E/Shared Documents/E/Helloyalty","Helloyalty","2"
"/sites/msteams-E/Shared Documents/E/St Albans","St Albans","2"
"/sites/msteams-E/Shared Documents/E/Elite Hotels","Elite Hotels","3"
"/sites/msteams-E/Shared Documents/E/Eden Centre","Eden Centre","6"
"/sites/msteams-E/Shared Documents/E/Meadowhall","Meadowhall","2"
"/sites/msteams-E/Shared Documents/E/Docks Bruxel","Docks Bruxel","6"
"/sites/msteams-E/Shared Documents/E/Westland","Westland","6"
"/sites/msteams-E/Shared Documents/E/Enk?ping Centrumsamverkan","Enk?ping Centrumsamverkan","2"
"/sites/msteams-E/Shared Documents/E/Visit Lule?","Visit Lule?","3"
"/sites/msteams-E/Shared Documents/E/Frank Green","Frank Green","8"
"/sites/msteams-E/Shared Documents/E/Groupon","Groupon","2"
"/sites/msteams-E/Shared Documents/E/01 EML NOR Clients","01 EML NOR Clients","98"
"/sites/msteams-E/Shared Documents/E/Sheffield","Sheffield","2"
"/sites/msteams-E/Shared Documents/E/Sales Promotions","Sales Promotions","1"
"/sites/msteams-E/Shared Documents/E/Supersport","Supersport","7"
"/sites/msteams-E/Shared Documents/E/City 2","City 2","7"
"/sites/msteams-E/Shared Documents/E/St Enoch","St Enoch","6"
"/sites/msteams-E/Shared Documents/E/Perx","Perx","1"
"/sites/msteams-E/Shared Documents/E/FinTech Solutions","FinTech Solutions","15"
"/sites/msteams-E/Shared Documents/E/R8","R8","6"
"/sites/msteams-E/Shared Documents/E/Incomm","Incomm","2"
"/sites/msteams-E/Shared Documents/E/Gallerian AMF","Gallerian AMF","2"
"/sites/msteams-E/Shared Documents/E/Pandora","Pandora","2"
"/sites/msteams-E/Shared Documents/E/Norrt?lje Handelsstad ek.f?r","Norrt?lje Handelsstad ek.f?r","2"
"/sites/msteams-E/Shared Documents/E/Mastercard","Mastercard","15"
"/sites/msteams-E/Shared Documents/E/Liverpool One","Liverpool One","6"
"/sites/msteams-E/Shared Documents/E/Visit Arran","Visit Arran","2"
"/sites/msteams-E/Shared Documents/E/T?cksfors Shoppingcenter FF","T?cksfors Shoppingcenter FF","2"
"/sites/msteams-E/Shared Documents/E/Oskarshamn City","Oskarshamn City","3"
"/sites/msteams-E/Shared Documents/E/Bon Accord","Bon Accord","6"
"/sites/msteams-E/Shared Documents/E/Bitcard","Bitcard","7"
"/sites/msteams-E/Shared Documents/E/Port 73 (Atrium Ljungberg Port 73)","Port 73 (Atrium Ljungberg Port 73)","3"
"/sites/msteams-E/Shared Documents/E/CleverGift","CleverGift","2"
"/sites/msteams-E/Shared Documents/E/TwentyOne","TwentyOne","6"
"/sites/msteams-E/Shared Documents/E/Saluhallen Slakteriet  i V?stmanland AB","Saluhallen Slakteriet  i V?stmanland AB","3"
"/sites/msteams-E/Shared Documents/E/Scotch Hall","Scotch Hall","6"
"/sites/msteams-E/Shared Documents/E/Nordiska Kompaniet","Nordiska Kompaniet","6"
"/sites/msteams-E/Shared Documents/E/Intu","Intu","2"
"/sites/msteams-E/Shared Documents/E/Landsec","Landsec","2"
"/sites/msteams-E/Shared Documents/E/Forestside","Forestside","6"
"/sites/msteams-E/Shared Documents/E/EML Bubbles","EML Bubbles","1"
"/sites/msteams-E/Shared Documents/E/Bet365","Bet365","2"
"/sites/msteams-E/Shared Documents/E/S?pp? (Finland)","S?pp? (Finland)","2"
"/sites/msteams-E/Shared Documents/E/Horticultural Trades Association","Horticultural Trades Association","2"
"/sites/msteams-E/Shared Documents/E/Athlone","Athlone","6"
"/sites/msteams-E/Shared Documents/E/Via Outlets","Via Outlets","7"
"/sites/msteams-E/Shared Documents/E/?rnsk?ldsvik","?rnsk?ldsvik","2"
"/sites/msteams-E/Shared Documents/E/Tripla (Finland)","Tripla (Finland)","2"
"/sites/msteams-E/Shared Documents/E/Newport","Newport","2"
"/sites/msteams-E/Shared Documents/E/Sala - F?retagscentrum i Sala ek f?r","Sala - F?retagscentrum i Sala ek f?r","2"
"/sites/msteams-E/Shared Documents/E/Card Production","Card Production","0"
"/sites/msteams-E/Shared Documents/E/Lunds Citysamverkan","Lunds Citysamverkan","3"
"/sites/msteams-E/Shared Documents/E/Instabank","Instabank","7"
"/sites/msteams-E/Shared Documents/E/Avinity","Avinity","7"
"/sites/msteams-E/Shared Documents/E/Betsson","Betsson","12"
"/sites/msteams-E/Shared Documents/E/EML NOR","EML NOR","0"
"/sites/msteams-E/Shared Documents/E/Mulga Ryo Shopping","Mulga Ryo Shopping","2"
"/sites/msteams-E/Shared Documents/E/Overgate","Overgate","6"
"/sites/msteams-E/Shared Documents/E/Wolverhampton","Wolverhampton","2"
"/sites/msteams-E/Shared Documents/E/Veturi (Finland)","Veturi (Finland)","2"
"/sites/msteams-E/Shared Documents/E/NK (Sverige)","NK (Sverige)","3"
"/sites/msteams-E/Shared Documents/E/Value Retail","Value Retail","9"
"/sites/msteams-E/Shared Documents/E/Redeem - Three","Redeem - Three","2"
"/sites/msteams-E/Shared Documents/E/S?ffle","S?ffle","3"
"/sites/msteams-E/Shared Documents/E/V?stervik Fram?t","V?stervik Fram?t","3"
"/sites/msteams-E/Shared Documents/E/Pite?","Pite?","4"
"/sites/msteams-E/Shared Documents/E/Roomex","Roomex","2"
"/sites/msteams-E/Shared Documents/E/Klepierre - Iberia","Klepierre - Iberia","7"
"/sites/msteams-E/Shared Documents/E/Sello (Finland)","Sello (Finland)","3"
"/sites/msteams-E/Shared Documents/E/Kramfors handel","Kramfors handel","2"
"/sites/msteams-E/Shared Documents/E/K?ping","K?ping","2"
"/sites/msteams-E/Shared Documents/E/Issuing Projects","Issuing Projects","3"
"/sites/msteams-E/Shared Documents/E/ECE","ECE","2"
"/sites/msteams-E/Shared Documents/E/PerfectCard Transitions","PerfectCard Transitions","11"
"/sites/msteams-E/Shared Documents/E/Coinjar","Coinjar","2"
"/sites/msteams-E/Shared Documents/E/Microlog - Steen Str?m Norge","Microlog - Steen Str?m Norge","1"
"/sites/msteams-E/Shared Documents/E/Linde City Lindesberg","Linde City Lindesberg","3"
"/sites/msteams-E/Shared Documents/E/Waasland","Waasland","7"
"/sites/msteams-E/Shared Documents/E/Enniskillen","Enniskillen","2"
"/sites/msteams-E/Shared Documents/E/Neinver","Neinver","7"
"/sites/msteams-E/Shared Documents/E/Hammerson","Hammerson","8"
"/sites/msteams-E/Shared Documents/E/Strabane","Strabane","2"
"/sites/msteams-E/Shared Documents/E/Cushman & Wakefield","Cushman & Wakefield","19"
"/sites/msteams-E/Shared Documents/E/Elfin Market","Elfin Market","8"
"/sites/msteams-E/Shared Documents/E/McArthur Glen","McArthur Glen","2"
"/sites/msteams-E/Shared Documents/E/Oslo Fashion Outlet (Vestby C)","Oslo Fashion Outlet (Vestby C)","1"
"/sites/msteams-E/Shared Documents/E/Klepierre - Germany","Klepierre - Germany","6"
"/sites/msteams-E/Shared Documents/E/Ljusdal","Ljusdal","2"
"/sites/msteams-E/Shared Documents/E/V?xj? City","V?xj? City","3"
"/sites/msteams-E/Shared Documents/E/Touchwood","Touchwood","6"
"/sites/msteams-E/Shared Documents/E/Foyleside","Foyleside","6"
"/sites/msteams-E/Shared Documents/E/Blackhawk_Didix","Blackhawk_Didix","9"
"/sites/msteams-E/Shared Documents/E/Fair For You","Fair For You","10"
"/sites/msteams-E/Shared Documents/E/East Kilbride","East Kilbride","6"
"/sites/msteams-E/Shared Documents/E/The Thistles","The Thistles","6"
"/sites/msteams-E/Shared Documents/E/Link?ping City","Link?ping City","3"
"/sites/msteams-E/Shared Documents/E/AireSur","AireSur","7"
"/sites/msteams-E/Shared Documents/E/GVC","GVC","10"
"/sites/msteams-E/Shared Documents/E/Princesshay Exeter","Princesshay Exeter","6"
"/sites/msteams-E/Shared Documents/E/Kv Caroli","Kv Caroli","2"
"/sites/msteams-E/Shared Documents/E/REALM","REALM","6"
"/sites/msteams-E/Shared Documents/E/The Marshes","The Marshes","6"
"/sites/msteams-E/Shared Documents/E/S?dert?lje Centrumf?rening","S?dert?lje Centrumf?rening","3"
"/sites/msteams-E/Shared Documents/E/Stockholm INFO","Stockholm INFO","3"
"/sites/msteams-E/Shared Documents/E/Torsby Alltid Tillsammans","Torsby Alltid Tillsammans","3"
"/sites/msteams-E/Shared Documents/E/Unibail Rodamco Westfield","Unibail Rodamco Westfield","2"
"/sites/msteams-E/Shared Documents/E/Elgin","Elgin","2"
"/sites/msteams-E/Shared Documents/E/Allgo","Allgo","2"
"/sites/msteams-E/Shared Documents/E/Bubbles Incentive","Bubbles Incentive","2"
"/sites/msteams-E/Shared Documents/E/3i4im","3i4im","9"
"/sites/msteams-E/Shared Documents/E/Jigsaw","Jigsaw","8"
"/sites/msteams-E/Shared Documents/E/Skellefte?","Skellefte?","3"
"/sites/msteams-E/Shared Documents/E/Ludvika","Ludvika","2"
"/sites/msteams-E/Shared Documents/E/CC Twenty (Italia)","CC Twenty (Italia)","2"
"/sites/msteams-E/Shared Documents/E/Ume?","Ume?","2"
"/sites/msteams-E/Shared Documents/E/Vimpeln (Alings?s)","Vimpeln (Alings?s)","3"
"/sites/msteams-E/Shared Documents/E/Causeway Coast and Glens","Causeway Coast and Glens","2"
"/sites/msteams-E/Shared Documents/E/TBS Europe","TBS Europe","7"
"/sites/msteams-E/Shared Documents/E/Client 1","Client 1","2"
"/sites/msteams-E/Shared Documents/E/Tran?s","Tran?s","3"
"/sites/msteams-E/Shared Documents/E/Shop in Kortrijk","Shop in Kortrijk","6"
"/sites/msteams-E/Shared Documents/E/Edge (now Opia)","Edge (now Opia)","6"
"/sites/msteams-E/Shared Documents/E/Salisbury","Salisbury","2"
"/sites/msteams-E/Shared Documents/E/Epipoli","Epipoli","2"
"/sites/msteams-E/Shared Documents/E/EML Rewards","EML Rewards","2"
"/sites/msteams-E/Shared Documents/E/Paygoo","Paygoo","7"
"/sites/msteams-E/Shared Documents/E/Gentalia","Gentalia","6"
"/sites/msteams-E/Shared Documents/E/ScalaPay","ScalaPay","2"
"/sites/msteams-E/Shared Documents/E/Churchill Square","Churchill Square","6"
"/sites/msteams-E/Shared Documents/E/Shawlands","Shawlands","2"
"/sites/msteams-E/Shared Documents/E/Visa","Visa","1"
"/sites/msteams-E/Shared Documents/E/The Liberty","The Liberty","6"
"/sites/msteams-E/Shared Documents/E/BINs and Issuers","BINs and Issuers","10"
"/sites/msteams-E/Shared Documents/E/Sundsvall - KB Lyckan (DI?S)","Sundsvall - KB Lyckan (DI?S)","3"
"/sites/msteams-E/Shared Documents/E/The Gyle","The Gyle","6"
"/sites/msteams-E/Shared Documents/E/V?rnamo","V?rnamo","3"
"/sites/msteams-E/Shared Documents/E/OLD - Present.se","OLD - Present.se","2"
"/sites/msteams-E/Shared Documents/E/T1 Mall of Tallinn (Estonia)","T1 Mall of Tallinn (Estonia)","2"
"/sites/msteams-E/Shared Documents/E/Fortuna","Fortuna","6"
"/sites/msteams-E/Shared Documents/E/Uddevalla","Uddevalla","2"
"/sites/msteams-E/Shared Documents/E/Leicester","Leicester","4"
"/sites/msteams-E/Shared Documents/E/?stersund Destination (fd ?stersund Handel)","?stersund Destination (fd ?stersund Handel)","2"
"/sites/msteams-E/Shared Documents/E/Stockholm Quality Outlet Barkarby Newsec","Stockholm Quality Outlet Barkarby Newsec","3"
"/sites/msteams-E/Shared Documents/E/Klepiere - Belgium","Klepiere - Belgium","6"
"/sites/msteams-E/Shared Documents/E/Etsy","Etsy","6"
"/sites/msteams-E/Shared Documents/E/V?ster?s Citysamverkan","V?ster?s Citysamverkan","4"
"/sites/msteams-E/Shared Documents/E/SKS","SKS","5"
"/sites/msteams-E/Shared Documents/E/Presend Intern","Presend Intern","12"
"/sites/msteams-E/Shared Documents/E/Wijnegem","Wijnegem","7"
"/sites/msteams-E/Shared Documents/E/Touchwood Shopping Centre","Touchwood Shopping Centre","3"
"/sites/msteams-E/Shared Documents/E/Nordby Shopping","Nordby Shopping","3"
"/sites/msteams-E/Shared Documents/E/Stora Saluhallen G?teborg - G?teborgs Saluhall","Stora Saluhallen G?teborg - G?teborgs Saluhall","3"
"/sites/msteams-E/Shared Documents/E/S?derhamns Cityf?rening","S?derhamns Cityf?rening","2"
"/sites/msteams-E/Shared Documents/E/Ulricehamn","Ulricehamn","2"
"/sites/msteams-E/Shared Documents/E/Redbrick Mill","Redbrick Mill","6"
"/sites/msteams-E/Shared Documents/E/Nyk?ping","Nyk?ping","3"
"/sites/msteams-E/Shared Documents/E/The Centre","The Centre","6"
"/sites/msteams-E/Shared Documents/E/Alegro","Alegro","8"
"/sites/msteams-E/Shared Documents/E/01 - New Client Template","01 - New Client Template","7"
"/sites/msteams-E/Shared Documents/E/CastleCourt","CastleCourt","2"
"/sites/msteams-E/Shared Documents/E/Regent Street","Regent Street","6"
"/sites/msteams-E/Shared Documents/E/Visby","Visby","2"
"/sites/msteams-E/Shared Documents/E/Drake Circus","Drake Circus","6"
"/sites/msteams-E/Shared Documents/E/Paddy Power","Paddy Power","1"
"/sites/msteams-E/Shared Documents/E/Gloucester Quays","Gloucester Quays","6"
"/sites/msteams-E/Shared Documents/E/Golden Square","Golden Square","6"
"/sites/msteams-E/Shared Documents/E/Boots","Boots","6"
"/sites/msteams-E/Shared Documents/E/Unibail-Rodamco","Unibail-Rodamco","3"
"/sites/msteams-E/Shared Documents/E/Lowry Outlet","Lowry Outlet","6"
"/sites/msteams-E/Shared Documents/E/E","E","180"
"/sites/msteams-E/Shared Documents/E/Customate LTD","Customate LTD","1"
"/sites/msteams-E/Shared Documents/E/Abbey Centre","Abbey Centre","6"
"/sites/msteams-E/Shared Documents/E/Mylly (Finland)","Mylly (Finland)","2"
"/sites/msteams-E/Shared Documents/E/West End (Scotland)","West End (Scotland)","2"
"/sites/msteams-E/Shared Documents/E/Swirl","Swirl","2"
"/sites/msteams-E/Shared Documents/E/Marlowes","Marlowes","6"
"/sites/msteams-E/Shared Documents/E/Victoria Square","Victoria Square","6"
"/sites/msteams-E/Shared Documents/E/Liverpool FC","Liverpool FC","6"
"/sites/msteams-E/Shared Documents/E/Trollh?ttan Centrum AB","Trollh?ttan Centrum AB","2"
"/sites/msteams-U/Shared Documents/U/Client 1","Client 1","2"
"/sites/CFRP-A/Shared Documents/A/EML Branding - templates and backgrounds","EML Branding - templates and backgrounds","5"
"/sites/CFRP-A/Shared Documents/A/Registers","Registers","3"
"/sites/CFRP-A/Shared Documents/A/Government Authorities and Regulators","Government Authorities and Regulators","3"
"/sites/CFRP-A/Shared Documents/A/Issuing Banks","Issuing Banks","1"
"/sites/CFRP-A/Shared Documents/A/Forms, Templates and Guides","Forms, Templates and Guides","15"
"/sites/CFRP-A/Shared Documents/A/Marketing and Disclaimer Guides","Marketing and Disclaimer Guides","7"
"/sites/CFRP-A/Shared Documents/A/Board Reporting","Board Reporting","4"
"/sites/CFRP-A/Shared Documents/A/Staff Folders","Staff Folders","0"
"/sites/CFRP-A/Shared Documents/A/Cardholder Complaints","Cardholder Complaints","6"
"/sites/CFRP-A/Shared Documents/A/AML CTF","AML CTF","13"
"/sites/CFRP-A/Shared Documents/A/FBT Card Documentation","FBT Card Documentation","5"
"/sites/CFRP-A/Shared Documents/A/2 Templates","2 Templates","3"
"/sites/CFRP-A/Shared Documents/A/Memos and Advice","Memos and Advice","3"
"/sites/CFRP-A/Shared Documents/A/AFSL Compliance","AFSL Compliance","5"
"/sites/CFRP-A/Shared Documents/A/Staff Training","Staff Training","6"
"/sites/CFRP-A/Shared Documents/A/Compliance","Compliance","45"
"/sites/CFRP-A/Shared Documents/A/PBI KYB","PBI KYB","1"
"/sites/CFRP-A/Shared Documents/A/Clients","Clients","45"
"/sites/CFRP-A/Shared Documents/A/KYC","KYC","2"
"/sites/CFRP-A/Shared Documents/A/Legislation and Regulatory Guides","Legislation and Regulatory Guides","17"
"/sites/CFRP-A/Shared Documents/A/4 AML-CTF Monitoring","4 AML-CTF Monitoring","5"
"/sites/CFRP-A/Shared Documents/A/Operational Risk","Operational Risk","11"
"/sites/CFRP-A/Shared Documents/A/5 SQL Library","5 SQL Library","2"
"/sites/CFRP-A/Shared Documents/A/7 Fraud Loss Tracker","7 Fraud Loss Tracker","1"
"/sites/CFRP-A/Shared Documents/A/6 Emails","6 Emails","2"
"/sites/CFRP-A/Shared Documents/A/Magpie","Magpie","1"
"/sites/CFRP-A/Shared Documents/A/Pays Material","Pays Material","12"
"/sites/CFRP-A/Shared Documents/A/1 Resource Library","1 Resource Library","6"
"/sites/CFRP-A/Shared Documents/A/Document Templates","Document Templates","4"
"/sites/CFRP-A/Shared Documents/A/3 Fraud Monitoring","3 Fraud Monitoring","4"
"/sites/CFRP-A/Shared Documents/A/Mastercard","Mastercard","8"
"/sites/CFRP-A/Shared Documents/A/Schemes","Schemes","2"
"/sites/CFRP-A/Shared Documents/A/Due Dilligence & Risk Assesment","Due Dilligence & Risk Assesment","15"
"/sites/CFRP-A/Shared Documents/A/Compliance Policies and Procedures","Compliance Policies and Procedures","6"
"/sites/CFRP-E/Shared Documents/E/Client Contacts","Client Contacts","1"
"/sites/CFRP-E/Shared Documents/E/Products","Products","5"
"/sites/CFRP-E/Shared Documents/E/AML Policy Suite 2019","AML Policy Suite 2019","2"
"/sites/CFRP-E/Shared Documents/E/AML Training Folder","AML Training Folder","3"
"/sites/CFRP-E/Shared Documents/E/Ireland","Ireland","1"
"/sites/CFRP-E/Shared Documents/E/UAE","UAE","0"
"/sites/CFRP-E/Shared Documents/E/Poland","Poland","0"
"/sites/CFRP-E/Shared Documents/E/AML STR Reports","AML STR Reports","6"
"/sites/CFRP-E/Shared Documents/E/Guides","Guides","8"
"/sites/CFRP-E/Shared Documents/E/Complaints","Complaints","2"
"/sites/CFRP-E/Shared Documents/E/Compliance","Compliance","1"
"/sites/CFRP-E/Shared Documents/E/EML - GDPR Contract Clauses","EML - GDPR Contract Clauses","8"
"/sites/CFRP-E/Shared Documents/E/Legal, Regulatory & Compliance (EML EUR)","Legal, Regulatory & Compliance (EML EUR)","20"
"/sites/CFRP-E/Shared Documents/E/AML CTF Training Modules","AML CTF Training Modules","2"
"/sites/CFRP-E/Shared Documents/E/UK","UK","1"
"/sites/CFRP-E/Shared Documents/E/Templates","Templates","4"
"/sites/CFRP-E/Shared Documents/E/Remote Working (EML EU)","Remote Working (EML EU)","68"
"/sites/CFRP-E/Shared Documents/E/GDPR - Shoosmiths Docs","GDPR - Shoosmiths Docs","7"
"/sites/CFRP-G/Shared Documents/G/1 Board Papers","1 Board Papers","4"
"/sites/CFRP-G/Shared Documents/G/2 Acquistion Assessments","2 Acquistion Assessments","1"
"/sites/CFRP-U/Shared Documents/U/2 Policies and Procedures","2 Policies and Procedures","4"
"/sites/CFRP-U/Shared Documents/U/3 PVP","3 PVP","2"
"/sites/CFRP-U/Shared Documents/U/1 Audits","1 Audits","5"
"/sites/CFRP-U/Shared Documents/U/4 Risk","4 Risk","2"
"/sites/CP-A/Shared Documents/A/Nimble","Nimble","2"
"/sites/CP-A/Shared Documents/A/Ladbrokes","Ladbrokes","2"
"/sites/CP-A/Shared Documents/A/Why Leave Town","Why Leave Town","2"
"/sites/CP-A/Shared Documents/A/Coinjar","Coinjar","2"
"/sites/CP-A/Shared Documents/A/MoneyMe","MoneyMe","2"
"/sites/CP-A/Shared Documents/A/Incremental Marketing","Incremental Marketing","2"
"/sites/CP-A/Shared Documents/A/Cabcharge","Cabcharge","2"
"/sites/CP-A/Shared Documents/A/QPay","QPay","2"
"/sites/CP-A/Shared Documents/A/iGO Direct","iGO Direct","2"
"/sites/CP-A/Shared Documents/A/Accesspay","Accesspay","2"
"/sites/CP-A/Shared Documents/A/Extend","Extend","2"
"/sites/CP-A/Shared Documents/A/Client 1","Client 1","2"
"/sites/CP-A/Shared Documents/A/PlayUp","PlayUp","2"
"/sites/CP-A/Shared Documents/A/bet365","bet365","2"
"/sites/CP-A/Shared Documents/A/The Card Network","The Card Network","2"
"/sites/CP-A/Shared Documents/A/Vault Payment Solutions","Vault Payment Solutions","2"
"/sites/CP-A/Shared Documents/A/Zip Money","Zip Money","2"
"/sites/CP-A/Shared Documents/A/The Star Entertainment Group","The Star Entertainment Group","2"
"/sites/CP-A/Shared Documents/A/Grassroots (Connectnow)","Grassroots (Connectnow)","2"
"/sites/CP-A/Shared Documents/A/Sarina Russo Corporate Program","Sarina Russo Corporate Program","2"
"/sites/CP-A/Shared Documents/A/Cabcharge Spotto Cash Card","Cabcharge Spotto Cash Card","2"
"/sites/CP-A/Shared Documents/A/Macquarie (MRB)","Macquarie (MRB)","2"
"/sites/CP-A/Shared Documents/A/myCryptoWallet","myCryptoWallet","2"
"/sites/CP-A/Shared Documents/A/Paywise","Paywise","2"
"/sites/CP-A/Shared Documents/A/Epay (VPAY & MyGift2U)","Epay (VPAY & MyGift2U)","2"
"/sites/CP-A/Shared Documents/A/Eziway","Eziway","2"
"/sites/CP-A/Shared Documents/A/QLD Govt - Dept of Communities","QLD Govt - Dept of Communities","2"
"/sites/CP-A/Shared Documents/A/McMillan Shakespeare (Maxxia & Remserv)","McMillan Shakespeare (Maxxia & Remserv)","2"
"/sites/CP-A/Shared Documents/A/Lockton","Lockton","2"
"/sites/CP-A/Shared Documents/A/Zinc","Zinc","2"
"/sites/CP-A/Shared Documents/A/Cafe Sydney","Cafe Sydney","2"
"/sites/CP-A/Shared Documents/A/The Restaurant Choice","The Restaurant Choice","2"
"/sites/CP-A/Shared Documents/A/Edge","Edge","2"
"/sites/CP-A/Shared Documents/A/Neds","Neds","2"
"/sites/CP-A/Shared Documents/A/Betstar","Betstar","2"
"/sites/CP-A/Shared Documents/A/Casual Dining","Casual Dining","2"
"/sites/CP-A/Shared Documents/A/The Salvation Army","The Salvation Army","2"
"/sites/CP-A/Shared Documents/A/The Movie Card","The Movie Card","2"
"/sites/CP-A/Shared Documents/A/Ingogo","Ingogo","2"
"/sites/CP-A/Shared Documents/A/Cache","Cache","2"
"/sites/CP-A/Shared Documents/A/WildCard","WildCard","2"
"/sites/CP-A/Shared Documents/A/Sportsbet","Sportsbet","2"
"/sites/CP-A/Shared Documents/A/TopSport","TopSport","2"
"/sites/CP-A/Shared Documents/A/Make A Wish","Make A Wish","2"
"/sites/CP-A/Shared Documents/A/Sendgold","Sendgold","7"
"/sites/CP-A/Shared Documents/A/NSW Health","NSW Health","2"
"/sites/CP-A/Shared Documents/A/BTC.com.au","BTC.com.au","2"
"/sites/CP-A/Shared Documents/A/Dioceses of Rockhampton","Dioceses of Rockhampton","2"
"/sites/CP-A/Shared Documents/A/Acquire One (A1)","Acquire One (A1)","2"
"/sites/CP-A/Shared Documents/A/DiviPay","DiviPay","2"
"/sites/CP-A/Shared Documents/A/Frank Green","Frank Green","2"
"/sites/CP-A/Shared Documents/A/BetEasy","BetEasy","2"
"/sites/CP-A/Shared Documents/A/ACT Government","ACT Government","2"
"/sites/CP-A/Shared Documents/A/NT Govt (NAB)","NT Govt (NAB)","2"
"/sites/CP-A/Shared Documents/A/The Ville","The Ville","2"
"/sites/CP-E/Shared Documents/E/R8","R8","6"
"/sites/CP-E/Shared Documents/E/Allgo","Allgo","2"
"/sites/CP-E/Shared Documents/E/Presend","Presend","5"
"/sites/CP-E/Shared Documents/E/Elite Hotels","Elite Hotels","3"
"/sites/CP-E/Shared Documents/E/Paygoo","Paygoo","7"
"/sites/CP-E/Shared Documents/E/V?xj? City","V?xj? City","0"
"/sites/CP-E/Shared Documents/E/Mylly (Finland)","Mylly (Finland)","2"
"/sites/CP-E/Shared Documents/E/Westland","Westland","0"
"/sites/CP-E/Shared Documents/E/Touchwood","Touchwood","0"
"/sites/CP-E/Shared Documents/E/3i4im","3i4im","9"
"/sites/CP-E/Shared Documents/E/T?cksfors Shoppingcenter FF","T?cksfors Shoppingcenter FF","0"
"/sites/CP-E/Shared Documents/E/Cushman & Wakefield","Cushman & Wakefield","19"
"/sites/CP-E/Shared Documents/E/Waasland","Waasland","0"
"/sites/CP-E/Shared Documents/E/Scotch Hall","Scotch Hall","0"
"/sites/CP-E/Shared Documents/E/?rnsk?ldsvik","?rnsk?ldsvik","0"
"/sites/CP-E/Shared Documents/E/Gloucester Quays","Gloucester Quays","6"
"/sites/CP-E/Shared Documents/E/CastleCourt","CastleCourt","2"
"/sites/CP-E/Shared Documents/E/Gentalia","Gentalia","6"
"/sites/CP-E/Shared Documents/E/Enk?ping Centrumsamverkan","Enk?ping Centrumsamverkan","2"
"/sites/CP-E/Shared Documents/E/EML Bubbles","EML Bubbles","1"
"/sites/CP-E/Shared Documents/E/TBS Europe","TBS Europe","0"
"/sites/CP-E/Shared Documents/E/Kramfors handel","Kramfors handel","2"
"/sites/CP-E/Shared Documents/E/Supersport","Supersport","0"
"/sites/CP-E/Shared Documents/E/Kv Caroli","Kv Caroli","2"
"/sites/CP-E/Shared Documents/E/V?stervik Fram?t","V?stervik Fram?t","0"
"/sites/CP-E/Shared Documents/E/McArthur Glen","McArthur Glen","2"
"/sites/CP-E/Shared Documents/E/ScalaPay","ScalaPay","0"
"/sites/CP-E/Shared Documents/E/Sello (Finland)","Sello (Finland)","0"
"/sites/CP-E/Shared Documents/E/Neinver","Neinver","7"
"/sites/CP-E/Shared Documents/E/Microlog - Steen Str?m Norge","Microlog - Steen Str?m Norge","1"
"/sites/CP-E/Shared Documents/E/Mulga Ryo Shopping","Mulga Ryo Shopping","2"
"/sites/CP-E/Shared Documents/E/Etsy","Etsy","6"
"/sites/CP-E/Shared Documents/E/Intu","Intu","2"
"/sites/CP-E/Shared Documents/E/AireSur","AireSur","7"
"/sites/CP-E/Shared Documents/E/Wijnegem","Wijnegem","1"
"/sites/CP-E/Shared Documents/E/Oskarshamn City","Oskarshamn City","3"
"/sites/CP-E/Shared Documents/E/Alegro","Alegro","8"
"/sites/CP-E/Shared Documents/E/Leicester","Leicester","4"
"/sites/CP-E/Shared Documents/E/PTA","PTA","2"
"/sites/CP-E/Shared Documents/E/Trollh?ttan Centrum AB","Trollh?ttan Centrum AB","0"
"/sites/CP-E/Shared Documents/E/Sala - F?retagscentrum i Sala ek f?r","Sala - F?retagscentrum i Sala ek f?r","0"
"/sites/CP-E/Shared Documents/E/REALM","REALM","6"
"/sites/CP-E/Shared Documents/E/Uddevalla","Uddevalla","0"
"/sites/CP-E/Shared Documents/E/Sheffield","Sheffield","0"
"/sites/CP-E/Shared Documents/E/Fortuna","Fortuna","6"
"/sites/CP-E/Shared Documents/E/Stockholm INFO","Stockholm INFO","0"
"/sites/CP-E/Shared Documents/E/Boots","Boots","6"
"/sites/CP-E/Shared Documents/E/Coinjar","Coinjar","2"
"/sites/CP-E/Shared Documents/E/Perx","Perx","1"
"/sites/CP-E/Shared Documents/E/2017","2017","3"
"/sites/CP-E/Shared Documents/E/St Albans","St Albans","0"
"/sites/CP-E/Shared Documents/E/Trelleborg","Trelleborg","0"
"/sites/CP-E/Shared Documents/E/Regent Street","Regent Street","6"
"/sites/CP-E/Shared Documents/E/Golden Square","Golden Square","6"
"/sites/CP-E/Shared Documents/E/City 2","City 2","7"
"/sites/CP-E/Shared Documents/E/Client 1","Client 1","2"
"/sites/CP-E/Shared Documents/E/Klepierre - Iberia","Klepierre - Iberia","7"
"/sites/CP-E/Shared Documents/E/Vimpeln (Alings?s)","Vimpeln (Alings?s)","0"
"/sites/CP-E/Shared Documents/E/Betsson","Betsson","12"
"/sites/CP-E/Shared Documents/E/Salisbury","Salisbury","0"
"/sites/CP-E/Shared Documents/E/2020","2020","1"
"/sites/CP-E/Shared Documents/E/West End (Scotland)","West End (Scotland)","0"
"/sites/CP-E/Shared Documents/E/Swirl","Swirl","0"
"/sites/CP-E/Shared Documents/E/K?ping","K?ping","2"
"/sites/CP-E/Shared Documents/E/Jigsaw","Jigsaw","8"
"/sites/CP-E/Shared Documents/E/2019","2019","2"
"/sites/CP-E/Shared Documents/E/Blackhawk_Didix","Blackhawk_Didix","9"
"/sites/CP-E/Shared Documents/E/Salto Eiendom (NO)","Salto Eiendom (NO)","0"
"/sites/CP-E/Shared Documents/E/BINs and Issuers","BINs and Issuers","6"
"/sites/CP-E/Shared Documents/E/T1 Mall of Tallinn (Estonia)","T1 Mall of Tallinn (Estonia)","0"
"/sites/CP-E/Shared Documents/E/Tripla (Finland)","Tripla (Finland)","0"
"/sites/CP-E/Shared Documents/E/Frank Green","Frank Green","8"
"/sites/CP-E/Shared Documents/E/Saluhallen Slakteriet  i V?stmanland AB","Saluhallen Slakteriet  i V?stmanland AB","0"
"/sites/CP-E/Shared Documents/E/Klepierre - Germany","Klepierre - Germany","6"
"/sites/CP-E/Shared Documents/E/Landsec","Landsec","2"
"/sites/CP-E/Shared Documents/E/Bet365","Bet365","2"
"/sites/CP-E/Shared Documents/E/Sundsvall - KB Lyckan (DI?S)","Sundsvall - KB Lyckan (DI?S)","0"
"/sites/CP-E/Shared Documents/E/Eden Centre","Eden Centre","6"
"/sites/CP-E/Shared Documents/E/Team Docs","Team Docs","1"
"/sites/CP-E/Shared Documents/E/Wolverhampton","Wolverhampton","0"
"/sites/CP-E/Shared Documents/E/SKS","SKS","0"
"/sites/CP-E/Shared Documents/E/Shawlands","Shawlands","0"
"/sites/CP-E/Shared Documents/E/Norrt?lje Handelsstad ek.f?r","Norrt?lje Handelsstad ek.f?r","2"
"/sites/CP-E/Shared Documents/E/Churchill Square","Churchill Square","6"
"/sites/CP-E/Shared Documents/E/Strabane","Strabane","0"
"/sites/CP-E/Shared Documents/E/Ulricehamn","Ulricehamn","0"
"/sites/CP-E/Shared Documents/E/Edge (now Opia)","Edge (now Opia)","6"
"/sites/CP-E/Shared Documents/E/Gallerian AMF","Gallerian AMF","2"
"/sites/CP-E/Shared Documents/E/GVC","GVC","10"
"/sites/CP-E/Shared Documents/E/?stersund Destination (fd ?stersund Handel)","?stersund Destination (fd ?stersund Handel)","0"
"/sites/CP-E/Shared Documents/E/Touchwood Shopping Centre","Touchwood Shopping Centre","3"
"/sites/CP-E/Shared Documents/E/Athlone","Athlone","6"
"/sites/CP-E/Shared Documents/E/Torsby Alltid Tillsammans","Torsby Alltid Tillsammans","0"
"/sites/CP-E/Shared Documents/E/Roomex","Roomex","1"
"/sites/CP-E/Shared Documents/E/Ljusdal","Ljusdal","2"
"/sites/CP-E/Shared Documents/E/Helloyalty","Helloyalty","2"
"/sites/CP-E/Shared Documents/E/The Gyle","The Gyle","0"
"/sites/CP-E/Shared Documents/E/Enniskillen","Enniskillen","2"
"/sites/CP-E/Shared Documents/E/Causeway Coast and Glens","Causeway Coast and Glens","2"
"/sites/CP-E/Shared Documents/E/S?dert?lje Centrumf?rening","S?dert?lje Centrumf?rening","0"
"/sites/CP-E/Shared Documents/E/Elfin Market","Elfin Market","8"
"/sites/CP-E/Shared Documents/E/Marlowes","Marlowes","6"
"/sites/CP-E/Shared Documents/E/The Big Heart of Merthyr Tydfil","The Big Heart of Merthyr Tydfil","0"
"/sites/CP-E/Shared Documents/E/Unibail Rodamco Westfield","Unibail Rodamco Westfield","0"
"/sites/CP-E/Shared Documents/E/S?ffle","S?ffle","0"
"/sites/CP-E/Shared Documents/E/St Enoch","St Enoch","0"
"/sites/CP-E/Shared Documents/E/Groupon","Groupon","2"
"/sites/CP-E/Shared Documents/E/Lunds Citysamverkan","Lunds Citysamverkan","3"
"/sites/CP-E/Shared Documents/E/Port 73 (Atrium Ljungberg Port 73)","Port 73 (Atrium Ljungberg Port 73)","3"
"/sites/CP-E/Shared Documents/E/V?rnamo","V?rnamo","0"
"/sites/CP-E/Shared Documents/E/Whyser","Whyser","2"
"/sites/CP-E/Shared Documents/E/2018","2018","2"
"/sites/CP-E/Shared Documents/E/Abbey Centre","Abbey Centre","6"
"/sites/CP-E/Shared Documents/E/Visit Lule?","Visit Lule?","0"
"/sites/CP-E/Shared Documents/E/The Liberty","The Liberty","0"
"/sites/CP-E/Shared Documents/E/Carmila Cit? Europe (France)","Carmila Cit? Europe (France)","2"
"/sites/CP-E/Shared Documents/E/Redeem - Three","Redeem - Three","2"
"/sites/CP-E/Shared Documents/E/Liverpool FC","Liverpool FC","6"
"/sites/CP-E/Shared Documents/E/Via Outlets","Via Outlets","0"
"/sites/CP-E/Shared Documents/E/Instabank","Instabank","7"
"/sites/CP-E/Shared Documents/E/Oslo Fashion Outlet (Vestby C)","Oslo Fashion Outlet (Vestby C)","1"
"/sites/CP-E/Shared Documents/E/Meadowhall","Meadowhall","2"
"/sites/CP-E/Shared Documents/E/Hammerson","Hammerson","8"
"/sites/CP-E/Shared Documents/E/Bubbles Incentive","Bubbles Incentive","2"
"/sites/CP-E/Shared Documents/E/TwentyOne","TwentyOne","0"
"/sites/CP-E/Shared Documents/E/Bitcard","Bitcard","7"
"/sites/CP-E/Shared Documents/E/EML Training Cards","EML Training Cards","1"
"/sites/CP-E/Shared Documents/E/Elgin","Elgin","2"
"/sites/CP-E/Shared Documents/E/Link?ping City","Link?ping City","3"
"/sites/CP-E/Shared Documents/E/Veturi (Finland)","Veturi (Finland)","0"
"/sites/CP-E/Shared Documents/E/ECE","ECE","2"
"/sites/CP-E/Shared Documents/E/Presend Intern","Presend Intern","12"
"/sites/CP-E/Shared Documents/E/Paddy Power","Paddy Power","1"
"/sites/CP-E/Shared Documents/E/EML Summer 2020","EML Summer 2020","49"
"/sites/CP-E/Shared Documents/E/Redbrick Mill","Redbrick Mill","6"
"/sites/CP-E/Shared Documents/E/Ludvika","Ludvika","2"
"/sites/CP-E/Shared Documents/E/Lowry Outlet","Lowry Outlet","6"
"/sites/CP-E/Shared Documents/E/Stora Saluhallen G?teborg - G?teborgs Saluhall","Stora Saluhallen G?teborg - G?teborgs Saluhall","0"
"/sites/CP-E/Shared Documents/E/Tran?s","Tran?s","0"
"/sites/CP-E/Shared Documents/E/Foyleside","Foyleside","6"
"/sites/CP-E/Shared Documents/E/CleverGift","CleverGift","2"
"/sites/CP-E/Shared Documents/E/Drake Circus","Drake Circus","6"
"/sites/CP-E/Shared Documents/E/Ume?","Ume?","0"
"/sites/CP-E/Shared Documents/E/Nordby Shopping","Nordby Shopping","3"
"/sites/CP-E/Shared Documents/E/Docks Bruxel","Docks Bruxel","6"
"/sites/CP-E/Shared Documents/E/Incomm","Incomm","2"
"/sites/CP-E/Shared Documents/E/Order forms","Order forms","3"
"/sites/CP-E/Shared Documents/E/V?ster?s Citysamverkan","V?ster?s Citysamverkan","1"
"/sites/CP-E/Shared Documents/E/Newport","Newport","2"
"/sites/CP-E/Shared Documents/E/Shop in Kortrijk","Shop in Kortrijk","0"
"/sites/CP-E/Shared Documents/E/NK (Sverige)","NK (Sverige)","3"
"/sites/CP-E/Shared Documents/E/EML NOR","EML NOR","0"
"/sites/CP-E/Shared Documents/E/Value Retail","Value Retail","0"
"/sites/CP-E/Shared Documents/E/The Marshes","The Marshes","0"
"/sites/CP-E/Shared Documents/E/OLD - Present.se","OLD - Present.se","2"
"/sites/CP-E/Shared Documents/E/Liverpool One","Liverpool One","6"
"/sites/CP-E/Shared Documents/E/PAULS","PAULS","1"
"/sites/CP-E/Shared Documents/E/Epipoli","Epipoli","2"
"/sites/CP-E/Shared Documents/E/CC Twenty (Italia)","CC Twenty (Italia)","2"
"/sites/CP-E/Shared Documents/E/Princesshay Exeter","Princesshay Exeter","6"
"/sites/CP-E/Shared Documents/E/Unibail-Rodamco","Unibail-Rodamco","2"
"/sites/CP-E/Shared Documents/E/01 EML NOR Clients","01 EML NOR Clients","98"
"/sites/CP-E/Shared Documents/E/Visby","Visby","0"
"/sites/CP-E/Shared Documents/E/Overgate","Overgate","6"
"/sites/CP-E/Shared Documents/E/Visit Arran","Visit Arran","0"
"/sites/CP-E/Shared Documents/E/Glasgow Fort","Glasgow Fort","6"
"/sites/CP-E/Shared Documents/E/FinTech Solutions","FinTech Solutions","15"
"/sites/CP-E/Shared Documents/E/Skellefte?","Skellefte?","0"
"/sites/CP-E/Shared Documents/E/Sales Promotions","Sales Promotions","0"
"/sites/CP-E/Shared Documents/E/Pite?","Pite?","4"
"/sites/CP-E/Shared Documents/E/Klepiere - Belgium","Klepiere - Belgium","6"
"/sites/CP-E/Shared Documents/E/The Centre","The Centre","0"
"/sites/CP-E/Shared Documents/E/Linde City Lindesberg","Linde City Lindesberg","3"
"/sites/CP-E/Shared Documents/E/Nordiska Kompaniet","Nordiska Kompaniet","6"
"/sites/CP-E/Shared Documents/E/Stockholm Quality Outlet Barkarby Newsec","Stockholm Quality Outlet Barkarby Newsec","0"
"/sites/CP-E/Shared Documents/E/S?derhamns Cityf?rening","S?derhamns Cityf?rening","0"
"/sites/CP-E/Shared Documents/E/Avinity","Avinity","7"
"/sites/CP-E/Shared Documents/E/S?pp? (Finland)","S?pp? (Finland)","0"
"/sites/CP-E/Shared Documents/E/Horticultural Trades Association","Horticultural Trades Association","2"
"/sites/CP-E/Shared Documents/E/Fair For You","Fair For You","10"
"/sites/CP-E/Shared Documents/E/01 - New Client Template","01 - New Client Template","7"
"/sites/CP-E/Shared Documents/E/PerfectCard Transitions","PerfectCard Transitions","11"
"/sites/CP-E/Shared Documents/E/East Kilbride","East Kilbride","6"
"/sites/CP-E/Shared Documents/E/EML Rewards","EML Rewards","2"
"/sites/CP-E/Shared Documents/E/Card Vendors","Card Vendors","7"
"/sites/CP-E/Shared Documents/E/The Thistles","The Thistles","0"
"/sites/CP-E/Shared Documents/E/Customate LTD","Customate LTD","1"
"/sites/CP-E/Shared Documents/E/Forestside","Forestside","6"
"/sites/CP-E/Shared Documents/E/Bon Accord","Bon Accord","6"
"/sites/CP-E/Shared Documents/E/Nyk?ping","Nyk?ping","3"
"/sites/CP-E/Shared Documents/E/Victoria Square","Victoria Square","0"
"/sites/CP-E/Shared Documents/E/Pandora","Pandora","2"
"/sites/CP-U/Shared Documents/U/010 Pricing","010 Pricing","4"
"/sites/CP-U/Shared Documents/U/New folder","New folder","0"
"/sites/CP-U/Shared Documents/U/003 Templates & Forms","003 Templates & Forms","5"
"/sites/CP-U/Shared Documents/U/KW_ML_AB Card Inventory One Note","KW_ML_AB Card Inventory One Note","13"
"/sites/CP-U/Shared Documents/U/Team Documentation","Team Documentation","16"
"/sites/CP-U/Shared Documents/U/Networks","Networks","14"
"/sites/CP-U/Shared Documents/U/+Master Data File","+Master Data File","1"
"/sites/CP-U/Shared Documents/U/Client 1","Client 1","2"
"/sites/CP-U/Shared Documents/U/Translations","Translations","1"
"/sites/CP-U/Shared Documents/U/002 Card Art Master","002 Card Art Master","5"
"/sites/CP-U/Shared Documents/U/011 Reorder Forecasting","011 Reorder Forecasting","14"
"/sites/CP-U/Shared Documents/U/001 Card Orders","001 Card Orders","5"
"/sites/CP-U/Shared Documents/U/Banks","Banks","7"
"/sites/CP-U/Shared Documents/U/004 Process Documentation","004 Process Documentation","8"
"/sites/CP-U/Shared Documents/U/BIN","BIN","16"
"/sites/CP-U/Shared Documents/U/005 Card Vendor Information","005 Card Vendor Information","7"
"/sites/CP-U/Shared Documents/U/Reviewed Virtual Orders","Reviewed Virtual Orders","107"
"/sites/CS-A/Shared Documents/A/Corporate","Corporate","6"
"/sites/CS-E/Shared Documents/E/Products","Products","6"
"/sites/CS-E/Shared Documents/E/Guides","Guides","9"
"/sites/CS-E/Shared Documents/E/Templates","Templates","8"
"/sites/CS-E/Shared Documents/E/Complaints","Complaints","2"
"/sites/CS-E/Shared Documents/E/Client Contacts","Client Contacts","2"
"/sites/CS-G/Shared Documents/G/Company Secretarial - Azalea (From 2018)","Company Secretarial - Azalea (From 2018)","7"
"/sites/CS-G/Shared Documents/G/Constitutions","Constitutions","11"
"/sites/CS-G/Shared Documents/G/2. Board Resolutions","2. Board Resolutions","15"
"/sites/CS-G/Shared Documents/G/1. Board & committees","1. Board & committees","4"
"/sites/CS-G/Shared Documents/G/ASX","ASX","19"
"/sites/CS-G/Shared Documents/G/Remuneration Review","Remuneration Review","16"
"/sites/CS-G/Shared Documents/G/Shareholder Meetings","Shareholder Meetings","9"
"/sites/CS-G/Shared Documents/G/ARCHIVED","ARCHIVED","9"
"/sites/CS-G/Shared Documents/G/Corporate Governance","Corporate Governance","8"
"/sites/CS-G/Shared Documents/G/Registered Office","Registered Office","6"
"/sites/CS-G/Shared Documents/G/Strategy Planning","Strategy Planning","5"
"/sites/CS-G/Shared Documents/G/TEMPLATES","TEMPLATES","4"
"/sites/CS-G/Shared Documents/G/Officers","Officers","14"
"/sites/CS-G/Shared Documents/G/Annual Report and Audit","Annual Report and Audit","8"
"/sites/CS-G/Shared Documents/G/Proxy Advisers","Proxy Advisers","8"
"/sites/CS-G/Shared Documents/G/EML Brand Launch Kit 9.23","EML Brand Launch Kit 9.23","21"
"/sites/CS-G/Shared Documents/G/HR","HR","20"
"/sites/CS-G/Shared Documents/G/Link and Register Information","Link and Register Information","13"
"/sites/CS-G/Shared Documents/G/Options","Options","18"
"/sites/CS-G/Shared Documents/G/ASIC","ASIC","19"
"/sites/CS-G/Shared Documents/G/Capital Raising","Capital Raising","11"
"/sites/CS-G/Shared Documents/G/Subsidiaries","Subsidiaries","7"
"/sites/CS-G/Shared Documents/G/Intellectual Property","Intellectual Property","21"
"/sites/CSR-A/Shared Documents/A/Registers","Registers","3"
"/sites/CSR-A/Shared Documents/A/Pays Material","Pays Material","9"
"/sites/CSR-A/Shared Documents/A/Document Templates","Document Templates","4"
"/sites/CSR-A/Shared Documents/A/2 Policies and Procedures","2 Policies and Procedures","2"
"/sites/CSR-A/Shared Documents/A/Manufacture","Manufacture","6"
"/sites/CSR-A/Shared Documents/A/AFSL Compliance","AFSL Compliance","5"
"/sites/CSR-A/Shared Documents/A/5 SQL Library","5 SQL Library","2"
"/sites/CSR-A/Shared Documents/A/Collection of cardholder identification monthly review","Collection of cardholder identification monthly review","4"
"/sites/CSR-A/Shared Documents/A/Compliance Policies and Procedures","Compliance Policies and Procedures","6"
"/sites/CSR-A/Shared Documents/A/Breakage","Breakage","1"
"/sites/CSR-A/Shared Documents/A/EML Branding - templates and backgrounds","EML Branding - templates and backgrounds","5"
"/sites/CSR-A/Shared Documents/A/Tutorials","Tutorials","5"
"/sites/CSR-A/Shared Documents/A/Clients","Clients","45"
"/sites/CSR-A/Shared Documents/A/Staff Training","Staff Training","5"
"/sites/CSR-A/Shared Documents/A/4 Reporting","4 Reporting","2"
"/sites/CSR-A/Shared Documents/A/6 Emails","6 Emails","2"
"/sites/CSR-A/Shared Documents/A/Issuing Banks","Issuing Banks","1"
"/sites/CSR-A/Shared Documents/A/AML CTF","AML CTF","16"
"/sites/CSR-A/Shared Documents/A/Project Panther","Project Panther","15"
"/sites/CSR-A/Shared Documents/A/Processing Agreements","Processing Agreements","18"
"/sites/CSR-A/Shared Documents/A/Complaints","Complaints","12"
"/sites/CSR-A/Shared Documents/A/Velocities","Velocities","1"
"/sites/CSR-A/Shared Documents/A/Call Centre","Call Centre","1"
"/sites/CSR-A/Shared Documents/A/Mastercard","Mastercard","8"
"/sites/CSR-A/Shared Documents/A/7 Fraud Loss Tracker","7 Fraud Loss Tracker","1"
"/sites/CSR-A/Shared Documents/A/Support Folder","Support Folder","7"
"/sites/CSR-A/Shared Documents/A/Due Dilligence & Risk Assesment","Due Dilligence & Risk Assesment","15"
"/sites/CSR-A/Shared Documents/A/3 Disputes","3 Disputes","2"
"/sites/CSR-A/Shared Documents/A/4 AML-CTF Monitoring","4 AML-CTF Monitoring","5"
"/sites/CSR-A/Shared Documents/A/Design","Design","12"
"/sites/CSR-A/Shared Documents/A/Government Authorities and Regulators","Government Authorities and Regulators","3"
"/sites/CSR-A/Shared Documents/A/KYC","KYC","6"
"/sites/CSR-A/Shared Documents/A/5 Telephony","5 Telephony","2"
"/sites/CSR-A/Shared Documents/A/Cardholder Complaints","Cardholder Complaints","6"
"/sites/CSR-A/Shared Documents/A/Memos and Advice","Memos and Advice","3"
"/sites/CSR-A/Shared Documents/A/Staff Folders","Staff Folders","0"
"/sites/CSR-A/Shared Documents/A/Info for jess","Info for jess","17"
"/sites/CSR-A/Shared Documents/A/Magpie","Magpie","1"
"/sites/CSR-A/Shared Documents/A/Leisa Hume Private","Leisa Hume Private","26"
"/sites/CSR-A/Shared Documents/A/2 Templates","2 Templates","3"
"/sites/CSR-A/Shared Documents/A/SAM Manual","SAM Manual","5"
"/sites/CSR-A/Shared Documents/A/_Archive","_Archive","22"
"/sites/CSR-A/Shared Documents/A/1 Resource Library","1 Resource Library","6"
"/sites/CSR-A/Shared Documents/A/Operational Risk","Operational Risk","11"
"/sites/CSR-A/Shared Documents/A/Schemes","Schemes","1"
"/sites/CSR-A/Shared Documents/A/Marketing and Disclaimer Guides","Marketing and Disclaimer Guides","7"
"/sites/CSR-A/Shared Documents/A/Treasury","Treasury","12"
"/sites/CSR-A/Shared Documents/A/Stocktake","Stocktake","4"
"/sites/CSR-A/Shared Documents/A/PBI KYB","PBI KYB","0"
"/sites/CSR-A/Shared Documents/A/Cuscal & Heritage","Cuscal & Heritage","4"
"/sites/CSR-A/Shared Documents/A/FBT Card Documentation","FBT Card Documentation","5"
"/sites/CSR-A/Shared Documents/A/Crystal Reports","Crystal Reports","30"
"/sites/CSR-A/Shared Documents/A/3 Fraud Monitoring","3 Fraud Monitoring","4"
"/sites/CSR-A/Shared Documents/A/Administration","Administration","9"
"/sites/CSR-A/Shared Documents/A/Forms, Templates and Guides","Forms, Templates and Guides","15"
"/sites/CSR-A/Shared Documents/A/1 Personnel","1 Personnel","3"
"/sites/CSR-A/Shared Documents/A/Legislation and Regulatory Guides","Legislation and Regulatory Guides","17"
"/sites/CSR-A/Shared Documents/A/Board Reporting","Board Reporting","4"
"/sites/CSR-A/Shared Documents/A/Standard Forms","Standard Forms","4"
"/sites/CSR-E/Shared Documents/E/Remote Working (EML EU)","Remote Working (EML EU)","68"
"/sites/CSR-E/Shared Documents/E/AML Training Folder","AML Training Folder","3"
"/sites/CSR-E/Shared Documents/E/AML CTF Training Modules","AML CTF Training Modules","2"
"/sites/CSR-E/Shared Documents/E/UK","UK","0"
"/sites/CSR-E/Shared Documents/E/GDPR - Shoosmiths Docs","GDPR - Shoosmiths Docs","7"
"/sites/CSR-E/Shared Documents/E/EML - GDPR Contract Clauses","EML - GDPR Contract Clauses","8"
"/sites/CSR-E/Shared Documents/E/UAE","UAE","0"
"/sites/CSR-E/Shared Documents/E/Ireland","Ireland","1"
"/sites/CSR-E/Shared Documents/E/Poland","Poland","0"
"/sites/CSR-E/Shared Documents/E/AML STR Reports","AML STR Reports","6"
"/sites/CSR-E/Shared Documents/E/AML Policy Suite 2019","AML Policy Suite 2019","2"
"/sites/CSR-E/Shared Documents/E/Compliance","Compliance","1"
"/sites/CSR-E/Shared Documents/E/Legal, Regulatory & Compliance (EML EUR)","Legal, Regulatory & Compliance (EML EUR)","20"
"/sites/CSR-G/Shared Documents/G/2 Acquistion Assessments","2 Acquistion Assessments","1"
"/sites/CSR-G/Shared Documents/G/1 Board Papers","1 Board Papers","4"
"/sites/CSR-U/Shared Documents/U/5 Telephony","5 Telephony","2"
"/sites/CSR-U/Shared Documents/U/4 Reporting","4 Reporting","4"
"/sites/CSR-U/Shared Documents/U/1 Personnel","1 Personnel","9"
"/sites/CSR-U/Shared Documents/U/3 Disputes","3 Disputes","3"
"/sites/CSR-U/Shared Documents/U/2 Policies and Procedures","2 Policies and Procedures","12"
"/sites/msteams721-A/Shared Documents/A/3 Treasury and Banking","3 Treasury and Banking","8"
"/sites/msteams721-A/Shared Documents/A/4 Financial Planning and Analysis","4 Financial Planning and Analysis","6"
"/sites/msteams721-A/Shared Documents/A/1 Policies and Procedures","1 Policies and Procedures","8"
"/sites/msteams721-A/Shared Documents/A/9 Reporting","9 Reporting","1"
"/sites/msteams721-A/Shared Documents/A/14 European Holdings- temp file","14 European Holdings- temp file","1"
"/sites/msteams721-A/Shared Documents/A/11 Team Documents","11 Team Documents","2"
"/sites/msteams721-A/Shared Documents/A/6 Finance Systems","6 Finance Systems","0"
"/sites/msteams721-A/Shared Documents/A/13 Projects","13 Projects","5"
"/sites/msteams721-A/Shared Documents/A/8 Payroll Processing","8 Payroll Processing","1"
"/sites/msteams721-A/Shared Documents/A/7 Mergers and Acquisitions","7 Mergers and Acquisitions","2"
"/sites/msteams721-A/Shared Documents/A/2 Financial Accounting","2 Financial Accounting","20"
"/sites/msteams721-A/Shared Documents/A/12 Investor Relations","12 Investor Relations","0"
"/sites/msteams721-A/Shared Documents/A/10 Training Material","10 Training Material","1"
"/sites/msteams721-A/Shared Documents/A/Restrict","Restrict","20"
"/sites/msteams721-A/Shared Documents/A/5 Tax Accounting","5 Tax Accounting","5"
"/sites/msteams721-E/Shared Documents/E/10 Payroll - Restricted","10 Payroll - Restricted","6"
"/sites/msteams721-E/Shared Documents/E/2 Customers","2 Customers","6"
"/sites/msteams721-E/Shared Documents/E/_Presentations","_Presentations","0"
"/sites/msteams721-E/Shared Documents/E/6 Banks","6 Banks","16"
"/sites/msteams721-E/Shared Documents/E/_Board Meetings and Updates","_Board Meetings and Updates","0"
"/sites/msteams721-E/Shared Documents/E/8 R and D - Restricted","8 R and D - Restricted","4"
"/sites/msteams721-E/Shared Documents/E/14. Properties","14. Properties","3"
"/sites/msteams721-E/Shared Documents/E/3 Vendors","3 Vendors","5"
"/sites/msteams721-E/Shared Documents/E/15. Projects","15. Projects","5"
"/sites/msteams721-E/Shared Documents/E/_Annual Leave","_Annual Leave","0"
"/sites/msteams721-E/Shared Documents/E/_Budgets and Forecast","_Budgets and Forecast","0"
"/sites/msteams721-E/Shared Documents/E/_Notes","_Notes","1"
"/sites/msteams721-E/Shared Documents/E/7 Stored Value Reconcilliation","7 Stored Value Reconcilliation","8"
"/sites/msteams721-E/Shared Documents/E/13 Other","13 Other","30"
"/sites/msteams721-E/Shared Documents/E/1 Month End","1 Month End","14"
"/sites/msteams721-E/Shared Documents/E/12 Reconciliat6ions","12 Reconciliat6ions","2"
"/sites/msteams721-E/Shared Documents/E/11 System Notes","11 System Notes","8"
"/sites/msteams721-E/Shared Documents/E/9 Tax","9 Tax","5"
"/sites/msteams721-E/Shared Documents/E/5 Reporting","5 Reporting","5"
"/sites/msteams721-E/Shared Documents/E/12 FPA","12 FPA","7"
"/sites/msteams721-E/Shared Documents/E/_Pricing Models","_Pricing Models","0"
"/sites/msteams721-E/Shared Documents/E/4 Year End","4 Year End","5"
"/sites/msteams721-G/Shared Documents/G/4 Financial Planning and Analysis","4 Financial Planning and Analysis","3"
"/sites/msteams721-G/Shared Documents/G/5 Tax Accounting","5 Tax Accounting","1"
"/sites/msteams721-G/Shared Documents/G/11 Team Documents","11 Team Documents","2"
"/sites/msteams721-G/Shared Documents/G/1 Policies and Procedures","1 Policies and Procedures","1"
"/sites/msteams721-G/Shared Documents/G/8 Payroll Processing","8 Payroll Processing","0"
"/sites/msteams721-G/Shared Documents/G/6 Finance Systems","6 Finance Systems","12"
"/sites/msteams721-G/Shared Documents/G/9 Reporting","9 Reporting","1"
"/sites/msteams721-G/Shared Documents/G/13 Projects","13 Projects","2"
"/sites/msteams721-G/Shared Documents/G/2 Financial Accounting","2 Financial Accounting","1"
"/sites/msteams721-G/Shared Documents/G/7 Mergers and Acquisitions","7 Mergers and Acquisitions","1"
"/sites/msteams721-G/Shared Documents/G/10 Training Materials","10 Training Materials","2"
"/sites/msteams721-G/Shared Documents/G/3 Treasury and Banking","3 Treasury and Banking","0"
"/sites/msteams721-G/Shared Documents/G/12 Investor Relations","12 Investor Relations","0"
"/sites/msteams721-G/Shared Documents/G/ZZZ Dropbox","ZZZ Dropbox","4"
"/sites/msteams721-U/Shared Documents/U/5 DeRec","5 DeRec","12"
"/sites/msteams721-U/Shared Documents/U/2 Settlement","2 Settlement","5"
"/sites/msteams721-U/Shared Documents/U/1 Month End","1 Month End","5"
"/sites/msteams721-U/Shared Documents/U/9 Tax","9 Tax","14"
"/sites/msteams721-U/Shared Documents/U/10 FPandA","10 FPandA","15"
"/sites/msteams721-U/Shared Documents/U/4 Audit","4 Audit","4"
"/sites/msteams721-U/Shared Documents/U/7 Escheatment","7 Escheatment","4"
"/sites/msteams721-U/Shared Documents/U/6 Banks","6 Banks","17"
"/sites/msteams721-U/Shared Documents/U/3 Accounts Payable","3 Accounts Payable","15"
"/sites/msteams721-U/Shared Documents/U/11 Other","11 Other","71"
"/sites/msteams721-U/Shared Documents/U/10 Finance-Planning-Analysis","10 Finance-Planning-Analysis","9"
"/sites/msteams721-U/Shared Documents/U/12 OldCo.Financial Information","12 OldCo.Financial Information","164"
"/sites/msteams721-U/Shared Documents/U/Restrict","Restrict","15"
"/sites/msteams721-U/Shared Documents/U/8 Accounts Receivable","8 Accounts Receivable","12"
"/sites/msteams721-U/Shared Documents/U/10 Payroll","10 Payroll","9"
"/sites/GC-E/Shared Documents/E/9 Tax","9 Tax","5"
"/sites/GC-E/Shared Documents/E/12 Reconciliat6ions","12 Reconciliat6ions","2"
"/sites/GC-E/Shared Documents/E/10 Payroll - Restricted","10 Payroll - Restricted","5"
"/sites/GC-E/Shared Documents/E/4 Year End","4 Year End","4"
"/sites/GC-E/Shared Documents/E/5 Reporting","5 Reporting","4"
"/sites/GC-E/Shared Documents/E/7 Stored Value Reconcilliation","7 Stored Value Reconcilliation","8"
"/sites/GC-E/Shared Documents/E/11 System Notes","11 System Notes","6"
"/sites/GC-E/Shared Documents/E/6 Banks","6 Banks","1"
"/sites/GC-E/Shared Documents/E/13 Other","13 Other","0"
"/sites/GC-E/Shared Documents/E/2 Customers","2 Customers","4"
"/sites/GC-E/Shared Documents/E/12 FPA","12 FPA","7"
"/sites/GC-E/Shared Documents/E/8 R and D - Restricted","8 R and D - Restricted","4"
"/sites/GC-E/Shared Documents/E/1 Month End","1 Month End","10"
"/sites/GC-E/Shared Documents/E/3 Vendors","3 Vendors","4"
"/sites/HR-A/Shared Documents/A/HR Working Folder","HR Working Folder","0"
"/sites/HR-A/Shared Documents/A/HR - Public","HR - Public","15"
"/sites/HR-A/Shared Documents/A/Manager Resouorces","Manager Resouorces","0"
"/sites/HR-A/Shared Documents/A/All Staff Resources","All Staff Resources","9"
"/sites/HR-A/Shared Documents/A/Administration","Administration","92"
"/sites/HR-A/Shared Documents/A/Recruitment","Recruitment","5"
"/sites/HR-A/Shared Documents/A/Options and Shares","Options and Shares","2"
"/sites/HR-A/Shared Documents/A/HR Master Documents","HR Master Documents","0"
"/sites/HR-A/Shared Documents/A/HR - Secure","HR - Secure","17"
"/sites/HR-E/Shared Documents/E/4 Job Descriptions","4 Job Descriptions","0"
"/sites/HR-E/Shared Documents/E/2 Employee Engagement","2 Employee Engagement","0"
"/sites/HR-E/Shared Documents/E/5 Recruitment and Onboarding","5 Recruitment and Onboarding","0"
"/sites/HR-E/Shared Documents/E/3 HR Planning","3 HR Planning","0"
"/sites/HR-E/Shared Documents/E/9 Employee Data","9 Employee Data","0"
"/sites/HR-E/Shared Documents/E/6 Reporting and Metrics","6 Reporting and Metrics","0"
"/sites/HR-E/Shared Documents/E/1 Renumeration and Benefits","1 Renumeration and Benefits","0"
"/sites/HR-E/Shared Documents/E/8 Employee Files","8 Employee Files","0"
"/sites/HR-E/Shared Documents/E/7 Health and Safety","7 Health and Safety","0"
"/sites/HR-G/Shared Documents/G/Manager Resouorces","Manager Resouorces","0"
"/sites/HR-G/Shared Documents/G/All Staff Resources","All Staff Resources","9"
"/sites/HR-G/Shared Documents/G/HR Working Folder","HR Working Folder","0"
"/sites/HR-G/Shared Documents/G/HR Master Documents","HR Master Documents","0"
"/sites/HR-U/Shared Documents/U/Scanned Items","Scanned Items","216"
"/sites/HR-U/Shared Documents/U/Payroll Worksheets","Payroll Worksheets","14"
"/sites/HR-U/Shared Documents/U/Archive HR Documents","Archive HR Documents","1"
"/sites/HR-U/Shared Documents/U/Human Resources - Metrics","Human Resources - Metrics","59"
"/sites/HR-U/Shared Documents/U/Benefits","Benefits","44"
"/sites/msteams349-A/Shared Documents/A/Research","Research","10"
"/sites/msteams349-A/Shared Documents/A/HR and Employment","HR and Employment","15"
"/sites/msteams349-A/Shared Documents/A/Schemes","Schemes","1"
"/sites/msteams349-A/Shared Documents/A/Manager Resouorces","Manager Resouorces","0"
"/sites/msteams349-A/Shared Documents/A/Suppliers","Suppliers","18"
"/sites/msteams349-A/Shared Documents/A/Consultancy Agreements","Consultancy Agreements","11"
"/sites/msteams349-A/Shared Documents/A/Company Secretarial","Company Secretarial","21"
"/sites/msteams349-A/Shared Documents/A/HR Master Documents","HR Master Documents","0"
"/sites/msteams349-A/Shared Documents/A/Other Agreements","Other Agreements","6"
"/sites/msteams349-A/Shared Documents/A/Confidentiality Agreements","Confidentiality Agreements","199"
"/sites/msteams349-A/Shared Documents/A/Intellectual Property","Intellectual Property","13"
"/sites/msteams349-A/Shared Documents/A/Document Templates","Document Templates","10"
"/sites/msteams349-A/Shared Documents/A/Guides and Articles","Guides and Articles","22"
"/sites/msteams349-A/Shared Documents/A/General Legal Matters","General Legal Matters","8"
"/sites/msteams349-A/Shared Documents/A/Legislation","Legislation","17"
"/sites/msteams349-A/Shared Documents/A/External Legal Advice","External Legal Advice","12"
"/sites/msteams349-A/Shared Documents/A/All Staff Resources","All Staff Resources","9"
"/sites/msteams349-A/Shared Documents/A/Disputes","Disputes","6"
"/sites/msteams349-A/Shared Documents/A/Archive","Archive","12"
"/sites/msteams349-A/Shared Documents/A/EML Bank Accounts","EML Bank Accounts","9"
"/sites/msteams349-A/Shared Documents/A/European Legal","European Legal","14"
"/sites/msteams349-A/Shared Documents/A/Policies and Training","Policies and Training","13"
"/sites/msteams349-A/Shared Documents/A/CAR Agreements","CAR Agreements","9"
"/sites/msteams349-A/Shared Documents/A/Subcontractors","Subcontractors","1"
"/sites/msteams349-A/Shared Documents/A/Correspondence","Correspondence","5"
"/sites/msteams349-A/Shared Documents/A/Internal Advice","Internal Advice","0"
"/sites/msteams349-A/Shared Documents/A/Mergers and Acquisitions","Mergers and Acquisitions","4"
"/sites/msteams349-A/Shared Documents/A/Clients","Clients","103"
"/sites/msteams349-A/Shared Documents/A/Brisbane Office Documents","Brisbane Office Documents","3"
"/sites/msteams349-A/Shared Documents/A/HR Working Folder","HR Working Folder","0"
"/sites/msteams349-A/Shared Documents/A/Merchant Coalition Agreements","Merchant Coalition Agreements","6"
"/sites/msteams349-A/Shared Documents/A/BIN Sponsors","BIN Sponsors","5"
"/sites/msteams349-E/Shared Documents/E/3 HR Planning","3 HR Planning","0"
"/sites/msteams349-E/Shared Documents/E/1 Renumeration and Benefits","1 Renumeration and Benefits","0"
"/sites/msteams349-E/Shared Documents/E/4 Job Descriptions","4 Job Descriptions","0"
"/sites/msteams349-E/Shared Documents/E/9 Employee Data","9 Employee Data","0"
"/sites/msteams349-E/Shared Documents/E/5 Recruitment and Onboarding","5 Recruitment and Onboarding","0"
"/sites/msteams349-E/Shared Documents/E/2 Employee Engagement","2 Employee Engagement","0"
"/sites/msteams349-E/Shared Documents/E/8 Employee Files","8 Employee Files","0"
"/sites/msteams349-E/Shared Documents/E/7 Health and Safety","7 Health and Safety","0"
"/sites/msteams349-E/Shared Documents/E/6 Reporting and Metrics","6 Reporting and Metrics","0"
"/sites/msteams349-G/Shared Documents/G/Manager Resouorces","Manager Resouorces","0"
"/sites/msteams349-G/Shared Documents/G/All Staff Resources","All Staff Resources","9"
"/sites/msteams349-G/Shared Documents/G/HR Working Folder","HR Working Folder","0"
"/sites/msteams349-G/Shared Documents/G/HR Master Documents","HR Master Documents","0"
"/sites/msteams252-A/Shared Documents/A/Jobs - Restricted","Jobs - Restricted","4"
"/sites/msteams252-A/Shared Documents/A/Marketing","Marketing","4"
"/sites/msteams252-A/Shared Documents/A/Templates","Templates","4"
"/sites/msteams252-A/Shared Documents/A/Asset Library","Asset Library","4"
"/sites/msteams252-A/Shared Documents/A/Sales","Sales","3"
"/sites/msteams252-A/Shared Documents/A/Internal","Internal","4"
"/sites/msteams252-U/Shared Documents/U/Marketing 2018","Marketing 2018","6"
"/sites/msteams252-U/Shared Documents/U/Company Photos","Company Photos","2"
"/sites/msteams252-U/Shared Documents/U/Marketing 2016","Marketing 2016","50"
"/sites/msteams252-U/Shared Documents/U/Marketing 2019","Marketing 2019","28"
"/sites/msteams252-U/Shared Documents/U/Brand Toolkit","Brand Toolkit","15"
"/sites/msteams252-U/Shared Documents/U/Marketing 2015","Marketing 2015","33"
"/sites/msteams252-U/Shared Documents/U/3 Sales","3 Sales","3"
"/sites/msteams252-U/Shared Documents/U/IT Branding Project","IT Branding Project","20"
"/sites/msteams252-U/Shared Documents/U/4 Marketing","4 Marketing","3"
"/sites/msteams252-U/Shared Documents/U/1 Templates","1 Templates","3"
"/sites/msteams252-U/Shared Documents/U/Marketing Assets","Marketing Assets","26"
"/sites/msteams252-U/Shared Documents/U/Library","Library","19"
"/sites/msteams252-U/Shared Documents/U/Marketing 2017","Marketing 2017","4"
"/sites/msteams252-U/Shared Documents/U/2 Asset Library","2 Asset Library","3"
"/sites/msteams252-U/Shared Documents/U/6  R and D","6  R and D","0"
"/sites/msteams252-U/Shared Documents/U/5 Internal","5 Internal","2"
"/sites/msteams252-U/Shared Documents/U/Marketing 2020","Marketing 2020","8"
"/sites/msteams663-A/Shared Documents/A/Document Templates","Document Templates","8"
"/sites/msteams663-A/Shared Documents/A/Policies and Training","Policies and Training","2"
"/sites/msteams663-A/Shared Documents/A/Subcontractors","Subcontractors","0"
"/sites/msteams663-A/Shared Documents/A/Research","Research","10"
"/sites/msteams663-A/Shared Documents/A/Legislation","Legislation","15"
"/sites/msteams663-A/Shared Documents/A/Suppliers","Suppliers","0"
"/sites/msteams663-A/Shared Documents/A/Archive","Archive","12"
"/sites/msteams663-A/Shared Documents/A/Guides and Articles","Guides and Articles","20"
"/sites/msteams663-A/Shared Documents/A/General Legal Matters","General Legal Matters","6"
"/sites/msteams663-A/Shared Documents/A/Disputes","Disputes","0"
"/sites/msteams663-A/Shared Documents/A/DESIGN","DESIGN","13"
"/sites/msteams663-A/Shared Documents/A/Operations (EML AUS)","Operations (EML AUS)","12"
"/sites/msteams663-A/Shared Documents/A/Other Agreements","Other Agreements","0"
"/sites/msteams663-A/Shared Documents/A/HR and Employment","HR and Employment","15"
"/sites/msteams663-A/Shared Documents/A/Confidentiality Agreements","Confidentiality Agreements","5"
"/sites/msteams663-A/Shared Documents/A/Correspondence","Correspondence","1"
"/sites/msteams663-A/Shared Documents/A/Consultancy Agreements","Consultancy Agreements","4"
"/sites/msteams663-A/Shared Documents/A/External Legal Advice","External Legal Advice","10"
"/sites/msteams663-A/Shared Documents/A/BIN Sponsors","BIN Sponsors","5"
"/sites/msteams663-A/Shared Documents/A/CAR Agreements","CAR Agreements","9"
"/sites/msteams663-A/Shared Documents/A/Intellectual Property","Intellectual Property","13"
"/sites/msteams663-A/Shared Documents/A/Merchant Coalition Agreements","Merchant Coalition Agreements","0"
"/sites/msteams663-A/Shared Documents/A/Brisbane Office Documents","Brisbane Office Documents","3"
"/sites/msteams663-A/Shared Documents/A/Company Secretarial","Company Secretarial","12"
"/sites/msteams663-A/Shared Documents/A/Internal Advice","Internal Advice","0"
"/sites/msteams663-A/Shared Documents/A/TRAINING DOCS","TRAINING DOCS","5"
"/sites/msteams663-A/Shared Documents/A/Clients","Clients","29"
"/sites/msteams663-A/Shared Documents/A/EML Bank Accounts","EML Bank Accounts","6"
"/sites/msteams663-A/Shared Documents/A/Mergers and Acquisitions","Mergers and Acquisitions","0"
"/sites/msteams663-A/Shared Documents/A/CUSTOMER","CUSTOMER","3"
"/sites/msteams663-A/Shared Documents/A/European Legal","European Legal","5"
"/sites/msteams663-A/Shared Documents/A/Schemes","Schemes","0"
"/sites/msteams663-E/Shared Documents/E/Atlas Installer","Atlas Installer","1"
"/sites/msteams663-E/Shared Documents/E/Archive","Archive","6"
"/sites/msteams663-E/Shared Documents/E/Business Cases","Business Cases","8"
"/sites/msteams368-A/Shared Documents/A/Marketing","Marketing","4"
"/sites/msteams368-A/Shared Documents/A/R and D","R and D","0"
"/sites/msteams368-A/Shared Documents/A/Product Guides","Product Guides","0"
"/sites/msteams368-A/Shared Documents/A/Flow Diagrams","Flow Diagrams","0"
"/sites/msteams368-A/Shared Documents/A/Asset Library","Asset Library","4"
"/sites/msteams368-A/Shared Documents/A/Internal","Internal","4"
"/sites/msteams368-A/Shared Documents/A/Program Specifications","Program Specifications","0"
"/sites/msteams368-A/Shared Documents/A/Jobs - Restricted","Jobs - Restricted","4"
"/sites/msteams368-A/Shared Documents/A/New Product Development","New Product Development","0"
"/sites/msteams368-A/Shared Documents/A/User Guides and Training","User Guides and Training","0"
"/sites/msteams368-A/Shared Documents/A/Sales","Sales","3"
"/sites/msteams368-A/Shared Documents/A/Strategy and Roadmap","Strategy and Roadmap","0"
"/sites/msteams368-A/Shared Documents/A/Templates","Templates","4"
"/sites/msteams368-U/Shared Documents/U/Product Overviews","Product Overviews","4"
"/sites/msteams368-U/Shared Documents/U/Flows","Flows","0"
"/sites/msteams368-U/Shared Documents/U/Roadmaps","Roadmaps","0"
"/sites/msteams368-U/Shared Documents/U/Comment Questions Documentation","Comment Questions Documentation","0"
"/sites/msteams368-U/Shared Documents/U/Business Cases","Business Cases","0"
"/sites/msteams368-U/Shared Documents/U/Projects","Projects","0"
"/sites/PM354-A/Shared Documents/A/2 Project Templates","2 Project Templates","0"
"/sites/PM354-A/Shared Documents/A/4 Product Information","4 Product Information","3"
"/sites/PM354-A/Shared Documents/A/1 Pays","1 Pays","3"
"/sites/PM354-A/Shared Documents/A/Operations (EML AUS)","Operations (EML AUS)","12"
"/sites/PM354-A/Shared Documents/A/5 Training Documents","5 Training Documents","0"
"/sites/PM354-A/Shared Documents/A/3 Mastercard Files","3 Mastercard Files","0"
"/sites/PM354-A/Shared Documents/A/Archive","Archive","1"
"/sites/PM354-E/Shared Documents/E/Templates","Templates","4"
"/sites/PM354-E/Shared Documents/E/Internal Projects","Internal Projects","10"
"/sites/PM354-E/Shared Documents/E/Atlas Installer","Atlas Installer","1"
"/sites/PM354-E/Shared Documents/E/Partners and Suppliers","Partners and Suppliers","8"
"/sites/PM354-E/Shared Documents/E/Cardholder Agreements","Cardholder Agreements","7"
"/sites/PM354-E/Shared Documents/E/Acquirers","Acquirers","2"
"/sites/PM354-E/Shared Documents/E/Business Cases","Business Cases","8"
"/sites/PM354-E/Shared Documents/E/Onboarding","Onboarding","14"
"/sites/PM354-E/Shared Documents/E/Archive","Archive","6"
"/sites/PM354-U/Shared Documents/U/Implementation Team Materials","Implementation Team Materials","24"
"/sites/PM354-U/Shared Documents/U/In Process Clients","In Process Clients","14"
"/sites/PM354-U/Shared Documents/U/On Boarded Clients","On Boarded Clients","581"
"/sites/msteams171-A/Shared Documents/A/Board Updates","Board Updates","3"
"/sites/msteams171-A/Shared Documents/A/Bus Dev opportunities","Bus Dev opportunities","48"
"/sites/msteams171-A/Shared Documents/A/Finance","Finance","3"
"/sites/msteams171-A/Shared Documents/A/BT Roadshow - Sept 19","BT Roadshow - Sept 19","26"
"/sites/msteams171-A/Shared Documents/A/H2 FY20 Focus","H2 FY20 Focus","6"
"/sites/msteams171-A/Shared Documents/A/Offsite","Offsite","3"
"/sites/msteams171-A/Shared Documents/A/Weekly Highlights","Weekly Highlights","16"
"/sites/msteams171-A/Shared Documents/A/Payments Innovation Conference","Payments Innovation Conference","1"
"/sites/msteams171-A/Shared Documents/A/Delegated Auth","Delegated Auth","2"
"/sites/msteams171-A/Shared Documents/A/Templates","Templates","10"
"/sites/msteams171-A/Shared Documents/A/Plan To Win","Plan To Win","3"
"/sites/msteams171-A/Shared Documents/A/Admin","Admin","9"
"/sites/msteams171-A/Shared Documents/A/Presentations and Videos","Presentations and Videos","46"
"/sites/msteams171-A/Shared Documents/A/Corporate Entertainment","Corporate Entertainment","7"
"/sites/msteams171-A/Shared Documents/A/Pricing Models","Pricing Models","1"
"/sites/msteams171-A/Shared Documents/A/Legal","Legal","4"
"/sites/msteams171-A/Shared Documents/A/Budget Projections","Budget Projections","10"
"/sites/msteams171-A/Shared Documents/A/Data and Reporting","Data and Reporting","1"
"/sites/msteams171-A/Shared Documents/A/Modelling examples","Modelling examples","1"
"/sites/msteams171-A/Shared Documents/A/Board packs","Board packs","3"
"/sites/msteams171-A/Shared Documents/A/Pipeline - DO NOT USE.  USE BOX VERSION","Pipeline - DO NOT USE.  USE BOX VERSION","3"
"/sites/msteams171-A/Shared Documents/A/The Pays","The Pays","12"
"/sites/msteams171-E/Shared Documents/E/Board Report","Board Report","8"
"/sites/msteams171-E/Shared Documents/E/Natasha Personal","Natasha Personal","5"
"/sites/msteams171-E/Shared Documents/E/Sales (EML EUR)","Sales (EML EUR)","49"
"/sites/msteams171-E/Shared Documents/E/Template Folder","Template Folder","1"
"/sites/msteams171-E/Shared Documents/E/Marketing (EML EUR)","Marketing (EML EUR)","18"
"/sites/msteams171-E/Shared Documents/E/New Client Template","New Client Template","6"
"/sites/TD-A/Shared Documents/A/Cuscal Monthly Report","Cuscal Monthly Report","28"
"/sites/TD-A/Shared Documents/A/Certificates","Certificates","5"
"/sites/TD-A/Shared Documents/A/20170904","20170904","1"
"/sites/TD-A/Shared Documents/A/Config Files","Config Files","5"
"/sites/TD-A/Shared Documents/A/Documentation","Documentation","10"
"/sites/TD-A/Shared Documents/A/CorporateExpense","CorporateExpense","1"
"/sites/TD-A/Shared Documents/A/MDES-test-documentation","MDES-test-documentation","7"
"/sites/TD-A/Shared Documents/A/MDES-Certificates","MDES-Certificates","8"
"/sites/TD-A/Shared Documents/A/RabbitMQ Messages","RabbitMQ Messages","19"
"/sites/TD-A/Shared Documents/A/Manuals","Manuals","2"
"/sites/TD-A/Shared Documents/A/Deployment","Deployment","2"
"/sites/TD-A/Shared Documents/A/Development - Secure","Development - Secure","1"
"/sites/TD-A/Shared Documents/A/Expired","Expired","1"
"/sites/TD-A/Shared Documents/A/Testing","Testing","2"
"/sites/TD-A/Shared Documents/A/Projects","Projects","7"
"/sites/TD-A/Shared Documents/A/Julia1 Transfer","Julia1 Transfer","5"
"/sites/TD-A/Shared Documents/A/CSSLP Whitepapers","CSSLP Whitepapers","8"
"/sites/TD-A/Shared Documents/A/Pictures","Pictures","1"
"/sites/TD-A/Shared Documents/A/Strategy","Strategy","2"
"/sites/TD-A/Shared Documents/A/Videos","Videos","4"
"/sites/TD-A/Shared Documents/A/SqlDeveloper","SqlDeveloper","3"
"/sites/TD-A/Shared Documents/A/Temp","Temp","13"
"/sites/TD-A/Shared Documents/A/Minutes","Minutes","10"
"/sites/TD-A/Shared Documents/A/Backup","Backup","2"
"/sites/TD-A/Shared Documents/A/Release2019.02.R1","Release2019.02.R1","3"
"/sites/TD-A/Shared Documents/A/Downloads","Downloads","53"
"/sites/TD-A/Shared Documents/A/Install","Install","29"
"/sites/TD-A/Shared Documents/A/VXML","VXML","1"
"/sites/TD-E/Shared Documents/E/Newcastle","Newcastle","46"
"/sites/TD-E/Shared Documents/E/Test","Test","14"
"/sites/TD-U/Shared Documents/U/IT Services","IT Services","0"
"/sites/TI-A/Shared Documents/A/Operation","Operation","0"
"/sites/TI-A/Shared Documents/A/_Restricted","_Restricted","10"
"/sites/TI-A/Shared Documents/A/Agreements","Agreements","0"
"/sites/TI-A/Shared Documents/A/Recruitment","Recruitment","0"
"/sites/TI-A/Shared Documents/A/Security","Security","0"
"/sites/TI-A/Shared Documents/A/Support","Support","0"
"/sites/TI-E/Shared Documents/E/Internal Projects","Internal Projects","10"
"/sites/TI-E/Shared Documents/E/Newcastle","Newcastle","41"
"/sites/TI-E/Shared Documents/E/Cardholder Agreements","Cardholder Agreements","7"
"/sites/TI-E/Shared Documents/E/Acquirers","Acquirers","2"
"/sites/TI-E/Shared Documents/E/Templates","Templates","4"
"/sites/TI-E/Shared Documents/E/Onboarding","Onboarding","14"
"/sites/TI-U/Shared Documents/U/IT_Services","IT_Services","25"
"/sites/TI-U/Shared Documents/U/IT_Management","IT_Management","1"
"/sites/TI-U/Shared Documents/U/IT_Training","IT_Training","4"
"/sites/TI-U/Shared Documents/U/IT_Operations","IT_Operations","4"
"/sites/TI-U/Shared Documents/U/IT Services","IT Services","0"
"/sites/TI-U/Shared Documents/U/IT_Projects-Business","IT_Projects-Business","0"
"/sites/TIS-G/Shared Documents/G/Incident Response","Incident Response","0"
"/sites/TIS-G/Shared Documents/G/Operations","Operations","0"
"/sites/TIS-G/Shared Documents/G/Documentation","Documentation","0"
"/sites/TIS-G/Shared Documents/G/Audits","Audits","0"
"/sites/TIS-U/Shared Documents/U/Operations","Operations","18"
"/sites/TIS-U/Shared Documents/U/Incident Response","Incident Response","2"
"/sites/TIS-U/Shared Documents/U/Documentation","Documentation","15"
"/sites/TIS-U/Shared Documents/U/Audits","Audits","8"
